2022/11/10 02:58:16,192.168.159.137,21,192.168.159.156,tcp,apache,1.1,VSFTPD v2.3.4 Backdoor Command Execution,This module exploits a malicious backdoor that was added to the VSFTPD download archive. This backdoor was introduced into the vsftpd-2.3.4.tar.gz archive between June 30th 2011 and July 1st 2011 according to the most recent information available. This backdoor was removed on July 3rd 2011.,shell,exploit/unix/ftp/vsftpd_234_backdoor,"['0', '1']",payload/cmd/unix/interact,[OSVDB]@73573@@[URL]@http://pastebin.com/AetT9sS5@@[URL]@http://scarybeastsecurity.blogspot.com/2011/07/alert-vsftpd-download-backdoored.html@@
2022/11/10 02:59:52,192.168.159.137,21,192.168.159.156,tcp,apache,1.1,VSFTPD v2.3.4 Backdoor Command Execution,This module exploits a malicious backdoor that was added to the VSFTPD download archive. This backdoor was introduced into the vsftpd-2.3.4.tar.gz archive between June 30th 2011 and July 1st 2011 according to the most recent information available. This backdoor was removed on July 3rd 2011.,shell,exploit/unix/ftp/vsftpd_234_backdoor,"['0', '1']",payload/cmd/unix/interact,[OSVDB]@73573@@[URL]@http://pastebin.com/AetT9sS5@@[URL]@http://scarybeastsecurity.blogspot.com/2011/07/alert-vsftpd-download-backdoored.html@@
2022/11/10 03:00:16,192.168.159.137,21,192.168.159.156,tcp,apache,1.1,VSFTPD v2.3.4 Backdoor Command Execution,This module exploits a malicious backdoor that was added to the VSFTPD download archive. This backdoor was introduced into the vsftpd-2.3.4.tar.gz archive between June 30th 2011 and July 1st 2011 according to the most recent information available. This backdoor was removed on July 3rd 2011.,shell,exploit/unix/ftp/vsftpd_234_backdoor,"['0', '1']",payload/cmd/unix/interact,[OSVDB]@73573@@[URL]@http://pastebin.com/AetT9sS5@@[URL]@http://scarybeastsecurity.blogspot.com/2011/07/alert-vsftpd-download-backdoored.html@@
2022/11/10 03:01:23,192.168.159.137,21,192.168.159.156,tcp,apache,1.1,VSFTPD v2.3.4 Backdoor Command Execution,This module exploits a malicious backdoor that was added to the VSFTPD download archive. This backdoor was introduced into the vsftpd-2.3.4.tar.gz archive between June 30th 2011 and July 1st 2011 according to the most recent information available. This backdoor was removed on July 3rd 2011.,shell,exploit/unix/ftp/vsftpd_234_backdoor,"['0', '1']",payload/cmd/unix/interact,[OSVDB]@73573@@[URL]@http://pastebin.com/AetT9sS5@@[URL]@http://scarybeastsecurity.blogspot.com/2011/07/alert-vsftpd-download-backdoored.html@@
2022/11/10 03:02:13,192.168.159.137,21,192.168.159.156,tcp,apache,1.1,VSFTPD v2.3.4 Backdoor Command Execution,This module exploits a malicious backdoor that was added to the VSFTPD download archive. This backdoor was introduced into the vsftpd-2.3.4.tar.gz archive between June 30th 2011 and July 1st 2011 according to the most recent information available. This backdoor was removed on July 3rd 2011.,shell,exploit/unix/ftp/vsftpd_234_backdoor,"['0', '1']",payload/cmd/unix/interact,[OSVDB]@73573@@[URL]@http://pastebin.com/AetT9sS5@@[URL]@http://scarybeastsecurity.blogspot.com/2011/07/alert-vsftpd-download-backdoored.html@@
2022/11/10 03:03:32,192.168.159.137,21,192.168.159.156,tcp,apache,1.1,VSFTPD v2.3.4 Backdoor Command Execution,This module exploits a malicious backdoor that was added to the VSFTPD download archive. This backdoor was introduced into the vsftpd-2.3.4.tar.gz archive between June 30th 2011 and July 1st 2011 according to the most recent information available. This backdoor was removed on July 3rd 2011.,shell,exploit/unix/ftp/vsftpd_234_backdoor,"['0', '1']",payload/cmd/unix/interact,[OSVDB]@73573@@[URL]@http://pastebin.com/AetT9sS5@@[URL]@http://scarybeastsecurity.blogspot.com/2011/07/alert-vsftpd-download-backdoored.html@@
2022/11/10 03:04:05,192.168.159.137,21,192.168.159.156,tcp,apache,1.1,VSFTPD v2.3.4 Backdoor Command Execution,This module exploits a malicious backdoor that was added to the VSFTPD download archive. This backdoor was introduced into the vsftpd-2.3.4.tar.gz archive between June 30th 2011 and July 1st 2011 according to the most recent information available. This backdoor was removed on July 3rd 2011.,shell,exploit/unix/ftp/vsftpd_234_backdoor,"['0', '1']",payload/cmd/unix/interact,[OSVDB]@73573@@[URL]@http://pastebin.com/AetT9sS5@@[URL]@http://scarybeastsecurity.blogspot.com/2011/07/alert-vsftpd-download-backdoored.html@@
2022/11/10 03:06:07,192.168.159.137,21,192.168.159.156,tcp,apache,1.1,VSFTPD v2.3.4 Backdoor Command Execution,This module exploits a malicious backdoor that was added to the VSFTPD download archive. This backdoor was introduced into the vsftpd-2.3.4.tar.gz archive between June 30th 2011 and July 1st 2011 according to the most recent information available. This backdoor was removed on July 3rd 2011.,shell,exploit/unix/ftp/vsftpd_234_backdoor,"['0', '1']",payload/cmd/unix/interact,[OSVDB]@73573@@[URL]@http://pastebin.com/AetT9sS5@@[URL]@http://scarybeastsecurity.blogspot.com/2011/07/alert-vsftpd-download-backdoored.html@@
2022/11/10 03:07:01,192.168.159.137,21,192.168.159.156,tcp,apache,1.1,VSFTPD v2.3.4 Backdoor Command Execution,This module exploits a malicious backdoor that was added to the VSFTPD download archive. This backdoor was introduced into the vsftpd-2.3.4.tar.gz archive between June 30th 2011 and July 1st 2011 according to the most recent information available. This backdoor was removed on July 3rd 2011.,shell,exploit/unix/ftp/vsftpd_234_backdoor,"['0', '1']",payload/cmd/unix/interact,[OSVDB]@73573@@[URL]@http://pastebin.com/AetT9sS5@@[URL]@http://scarybeastsecurity.blogspot.com/2011/07/alert-vsftpd-download-backdoored.html@@
2022/11/10 03:17:27,192.168.159.137,21,192.168.159.156,tcp,apache,1.1,VSFTPD v2.3.4 Backdoor Command Execution,This module exploits a malicious backdoor that was added to the VSFTPD download archive. This backdoor was introduced into the vsftpd-2.3.4.tar.gz archive between June 30th 2011 and July 1st 2011 according to the most recent information available. This backdoor was removed on July 3rd 2011.,shell,exploit/unix/ftp/vsftpd_234_backdoor,"['0', '1']",payload/cmd/unix/interact,[OSVDB]@73573@@[URL]@http://pastebin.com/AetT9sS5@@[URL]@http://scarybeastsecurity.blogspot.com/2011/07/alert-vsftpd-download-backdoored.html@@
